id,variant,stage,valid,latency_ms,input_tokens,output_tokens,choice,http_status,error
dev-071-original,original,proposal,True,378.39,593,38,left,200,
dev-018-ascii,ascii,proposal,True,396.14,688,38,straight,200,
dev-043-egocentric,egocentric,proposal,True,424.25,603,38,left,200,
dev-062-history,history,proposal,True,416.33,1212,38,straight,200,
dev-029-review,review,proposal,True,272.96,583,38,straight,200,
dev-029-review,review,review,True,387.28,640,38,straight,200,
dev-049-history,history,proposal,True,370.45,1116,38,straight,200,
dev-010-original,original,proposal,True,346.77,611,38,straight,200,
dev-012-priority,priority,proposal,True,340.59,569,38,straight,200,
dev-030-narrative,narrative,proposal,True,300.78,554,38,straight,200,
dev-067-narrative,narrative,proposal,True,276.76,566,38,straight,200,
dev-069-egocentric,egocentric,proposal,True,311.99,623,38,right,200,
dev-022-priority,priority,proposal,True,291.6,573,38,straight,200,
dev-048-original,original,proposal,True,479.23,590,38,straight,200,
dev-063-absolute,absolute,proposal,True,316.6,568,38,straight,200,
dev-079-original,original,proposal,True,348.46,610,38,straight,200,
dev-076-ascii,ascii,proposal,True,361.98,719,38,left,200,
dev-003-ascii,ascii,proposal,True,290.84,711,38,right,200,
dev-078-priority,priority,proposal,True,277.32,595,38,straight,200,
dev-072-review,review,proposal,True,292.39,578,38,straight,200,
dev-072-review,review,review,True,315.45,635,38,straight,200,
dev-050-narrative,narrative,proposal,True,370.47,548,38,straight,200,
dev-014-absolute,absolute,proposal,True,1188.67,567,38,straight,200,
dev-016-priority,priority,proposal,True,318.18,603,38,straight,200,
dev-006-ascii,ascii,proposal,True,315.46,710,38,straight,200,
dev-049-review,review,proposal,True,294.2,574,38,straight,200,
dev-049-review,review,review,True,274.58,631,38,straight,200,
dev-043-original,original,proposal,True,375.63,589,38,straight,200,
dev-075-priority,priority,proposal,True,325.45,572,38,straight,200,
dev-052-priority,priority,proposal,True,354.05,574,38,straight,200,
dev-032-absolute,absolute,proposal,True,297.15,575,38,straight,200,
dev-073-ascii,ascii,proposal,True,343.85,684,38,straight,200,
dev-073-history,history,proposal,True,387.78,1096,38,straight,200,
dev-077-ascii,ascii,proposal,True,329.61,695,38,straight,200,
dev-022-review,review,proposal,True,359.37,573,38,straight,200,
dev-022-review,review,review,True,370.2,630,38,straight,200,
dev-037-review,review,proposal,True,378.86,579,38,straight,200,
dev-037-review,review,review,True,300.72,636,38,straight,200,
dev-054-ascii,ascii,proposal,True,347.0,712,38,straight,200,
dev-046-review,review,proposal,True,350.53,573,38,straight,200,
dev-046-review,review,review,True,314.43,630,38,straight,200,
dev-074-original,original,proposal,True,350.62,593,38,straight,200,
dev-052-original,original,proposal,True,292.65,596,38,straight,200,
dev-032-narrative,narrative,proposal,True,298.65,546,38,straight,200,
dev-012-narrative,narrative,proposal,True,324.4,541,38,straight,200,
dev-008-history,history,proposal,True,386.76,1251,38,straight,200,
dev-070-narrative,narrative,proposal,True,246.87,549,38,straight,200,
dev-013-history,history,proposal,True,449.41,1175,38,straight,200,
dev-062-original,original,proposal,True,400.47,612,38,straight,200,
dev-022-original,original,proposal,True,320.91,595,38,straight,200,
dev-037-absolute,absolute,proposal,True,360.41,579,38,straight,200,
dev-052-absolute,absolute,proposal,True,280.0,574,38,straight,200,
dev-047-history,history,proposal,True,258.9,1133,38,straight,200,
dev-032-priority,priority,proposal,True,264.58,575,38,straight,200,
dev-006-narrative,narrative,proposal,True,310.21,562,38,straight,200,
dev-044-egocentric,egocentric,proposal,True,278.69,602,38,left,200,
dev-075-ascii,ascii,proposal,True,348.08,689,38,straight,200,
dev-009-narrative,narrative,proposal,True,338.25,546,38,straight,200,
dev-034-narrative,narrative,proposal,True,336.9,540,38,straight,200,
dev-052-review,review,proposal,True,278.78,574,38,straight,200,
dev-052-review,review,review,True,357.61,631,38,straight,200,
dev-024-original,original,proposal,True,321.88,595,38,straight,200,
dev-036-egocentric,egocentric,proposal,True,297.15,619,38,straight,200,
dev-036-priority,priority,proposal,True,365.32,589,38,straight,200,
dev-050-original,original,proposal,True,278.51,600,38,straight,200,
dev-009-priority,priority,proposal,True,292.37,575,38,straight,200,
dev-072-history,history,proposal,True,372.93,1137,38,straight,200,
dev-043-review,review,proposal,True,336.81,567,38,straight,200,
dev-043-review,review,review,True,305.57,624,38,straight,200,
dev-050-ascii,ascii,proposal,True,347.54,701,38,straight,200,
dev-046-egocentric,egocentric,proposal,True,376.69,610,38,left,200,
dev-020-priority,priority,proposal,True,311.6,572,38,right,200,
dev-060-history,history,proposal,True,419.0,1094,38,straight,200,
dev-003-review,review,proposal,True,397.04,594,38,right,200,
dev-003-review,review,review,True,317.56,651,38,right,200,
dev-037-original,original,proposal,True,344.38,601,38,straight,200,
dev-058-priority,priority,proposal,True,492.6,571,38,straight,200,
dev-077-absolute,absolute,proposal,True,289.57,578,38,straight,200,
dev-007-priority,priority,proposal,True,307.42,585,38,left,200,
dev-023-priority,priority,proposal,True,283.61,585,38,right,200,
dev-028-narrative,narrative,proposal,True,320.55,540,38,straight,200,
dev-046-ascii,ascii,proposal,True,327.58,690,38,straight,200,
dev-036-history,history,proposal,True,304.12,1170,38,straight,200,
dev-006-priority,priority,proposal,True,318.28,593,38,right,200,
dev-027-ascii,ascii,proposal,True,294.79,690,38,straight,200,
dev-000-priority,priority,proposal,True,380.62,574,38,straight,200,
dev-062-narrative,narrative,proposal,True,346.54,558,38,right,200,
dev-058-original,original,proposal,True,336.44,592,38,straight,200,
dev-001-narrative,narrative,proposal,True,344.0,538,38,left,200,
dev-066-original,original,proposal,True,284.56,605,38,straight,200,
dev-007-ascii,ascii,proposal,True,282.33,706,38,straight,200,
dev-056-history,history,proposal,True,265.75,1097,38,straight,200,
dev-042-narrative,narrative,proposal,True,323.76,539,38,straight,200,
dev-012-review,review,proposal,True,335.84,569,38,straight,200,
dev-012-review,review,review,True,276.1,626,38,straight,200,
dev-006-review,review,proposal,True,319.64,593,38,straight,200,
dev-006-review,review,review,True,954.85,650,38,right,200,
dev-008-review,review,proposal,True,337.8,601,38,straight,200,
dev-008-review,review,review,True,287.12,658,38,straight,200,
dev-015-egocentric,egocentric,proposal,True,316.58,629,38,right,200,
dev-053-history,history,proposal,True,395.9,1102,38,straight,200,
dev-066-history,history,proposal,True,322.3,1181,38,straight,200,
dev-033-priority,priority,proposal,True,336.92,594,38,right,200,
dev-072-narrative,narrative,proposal,True,352.38,548,38,straight,200,
dev-015-ascii,ascii,proposal,True,333.03,716,38,right,200,
dev-005-priority,priority,proposal,True,327.48,584,38,straight,200,
dev-044-narrative,narrative,proposal,True,307.84,539,38,straight,200,
dev-066-review,review,proposal,True,287.26,583,38,straight,200,
dev-066-review,review,review,True,310.06,640,38,straight,200,
dev-073-review,review,proposal,True,345.14,567,38,straight,200,
dev-073-review,review,review,True,695.98,624,38,straight,200,
dev-048-egocentric,egocentric,proposal,True,293.87,602,38,straight,200,
dev-074-history,history,proposal,True,308.13,1098,38,straight,200,
dev-010-absolute,absolute,proposal,True,408.34,589,38,right,200,
dev-059-egocentric,egocentric,proposal,True,319.94,629,38,straight,200,
dev-064-review,review,proposal,True,348.5,607,38,straight,200,
dev-064-review,review,review,True,326.13,664,38,straight,200,
dev-014-priority,priority,proposal,True,314.92,567,38,straight,200,
dev-018-absolute,absolute,proposal,True,366.25,572,38,straight,200,
dev-065-ascii,ascii,proposal,True,296.95,729,38,straight,200,
dev-030-priority,priority,proposal,True,291.19,585,38,straight,200,
dev-053-egocentric,egocentric,proposal,True,330.0,601,38,straight,200,
dev-031-history,history,proposal,True,282.87,1092,38,straight,200,
dev-061-narrative,narrative,proposal,True,438.07,559,38,straight,200,
dev-030-ascii,ascii,proposal,True,381.89,702,38,straight,200,
dev-042-review,review,proposal,True,287.36,567,38,straight,200,
dev-042-review,review,review,True,266.77,624,38,straight,200,
dev-013-ascii,ascii,proposal,True,346.52,706,38,straight,200,
dev-003-absolute,absolute,proposal,True,352.1,594,38,right,200,
dev-025-egocentric,egocentric,proposal,True,303.23,604,38,left,200,
dev-023-ascii,ascii,proposal,True,362.41,702,38,right,200,
dev-037-priority,priority,proposal,True,366.85,579,38,straight,200,
dev-078-review,review,proposal,True,263.34,595,38,straight,200,
dev-078-review,review,review,True,333.26,652,38,straight,200,
dev-059-priority,priority,proposal,True,463.81,591,38,straight,200,
dev-079-priority,priority,proposal,True,306.05,588,38,straight,200,
dev-049-egocentric,egocentric,proposal,True,360.07,602,38,straight,200,
dev-024-egocentric,egocentric,proposal,True,265.92,609,38,left,200,
dev-005-review,review,proposal,True,273.43,584,38,straight,200,
dev-005-review,review,review,True,314.51,641,38,straight,200,
dev-060-ascii,ascii,proposal,True,397.24,685,38,straight,200,
dev-053-ascii,ascii,proposal,True,293.78,684,38,straight,200,
dev-075-egocentric,egocentric,proposal,True,340.66,609,38,left,200,
dev-051-narrative,narrative,proposal,True,331.79,558,38,right,200,
dev-015-history,history,proposal,True,291.16,1218,38,right,200,
dev-040-review,review,proposal,True,292.73,567,38,straight,200,
dev-040-review,review,review,True,386.52,624,38,straight,200,
dev-072-priority,priority,proposal,True,288.42,578,38,straight,200,
dev-008-ascii,ascii,proposal,True,384.91,720,38,straight,200,
dev-036-absolute,absolute,proposal,True,323.12,589,38,straight,200,
dev-007-original,original,proposal,True,314.71,607,38,straight,200,
dev-004-history,history,proposal,True,393.16,1251,38,straight,200,
dev-045-narrative,narrative,proposal,True,283.56,568,38,straight,200,
dev-077-history,history,proposal,True,249.62,1131,38,straight,200,
dev-036-review,review,proposal,True,336.62,589,38,straight,200,
dev-036-review,review,review,True,284.85,646,38,straight,200,
dev-067-priority,priority,proposal,True,319.52,597,38,straight,200,
dev-067-original,original,proposal,True,313.8,619,38,straight,200,
dev-021-absolute,absolute,proposal,True,341.95,591,38,straight,200,
dev-021-narrative,narrative,proposal,True,316.7,559,38,straight,200,
dev-028-review,review,proposal,True,293.57,568,38,straight,200,
dev-028-review,review,review,True,321.46,625,38,straight,200,
dev-013-priority,priority,proposal,True,335.54,586,38,straight,200,
dev-028-absolute,absolute,proposal,True,313.78,568,38,straight,200,
dev-001-absolute,absolute,proposal,True,295.76,566,38,left,200,
dev-028-original,original,proposal,True,773.73,590,38,straight,200,
dev-033-ascii,ascii,proposal,True,286.92,712,38,right,200,
dev-026-absolute,absolute,proposal,True,265.12,591,38,straight,200,
dev-013-absolute,absolute,proposal,True,340.84,586,38,straight,200,
dev-017-absolute,absolute,proposal,True,355.99,586,38,straight,200,
dev-032-ascii,ascii,proposal,True,342.71,692,38,straight,200,
dev-020-original,original,proposal,True,272.59,593,38,right,200,
dev-002-review,review,proposal,True,264.29,603,38,straight,200,
dev-002-review,review,review,True,282.93,660,38,straight,200,
dev-066-ascii,ascii,proposal,True,388.02,703,38,straight,200,
dev-031-egocentric,egocentric,proposal,True,391.47,601,38,right,200,
dev-055-review,review,proposal,True,315.67,579,38,straight,200,
dev-055-review,review,review,True,321.17,636,38,straight,200,
dev-046-absolute,absolute,proposal,True,295.17,573,38,straight,200,
dev-040-original,original,proposal,True,313.4,589,38,straight,200,
dev-002-original,original,proposal,True,302.36,626,38,straight,200,
dev-070-ascii,ascii,proposal,True,275.53,696,38,straight,200,
dev-029-history,history,proposal,True,308.21,1161,38,straight,200,
dev-003-history,history,proposal,True,327.06,1221,38,right,200,
dev-002-narrative,narrative,proposal,True,302.83,569,38,straight,200,
dev-065-egocentric,egocentric,proposal,True,271.49,629,38,straight,200,
dev-058-narrative,narrative,proposal,True,339.23,543,38,straight,200,
dev-050-priority,priority,proposal,True,395.56,578,38,straight,200,
dev-011-narrative,narrative,proposal,True,280.24,539,38,straight,200,
dev-021-ascii,ascii,proposal,True,345.03,712,38,straight,200,
dev-040-history,history,proposal,True,400.21,1097,38,straight,200,
dev-055-original,original,proposal,True,303.28,601,38,right,200,
dev-068-absolute,absolute,proposal,True,357.5,609,38,straight,200,
dev-071-ascii,ascii,proposal,True,398.69,691,38,left,200,
dev-017-egocentric,egocentric,proposal,True,413.64,623,38,left,200,
dev-076-absolute,absolute,proposal,True,288.87,596,38,left,200,
dev-071-absolute,absolute,proposal,True,255.83,572,38,left,200,
dev-067-history,history,proposal,True,323.18,1222,38,straight,200,
dev-005-history,history,proposal,True,440.47,1185,38,straight,200,
dev-041-review,review,proposal,True,416.29,586,38,straight,200,
dev-041-review,review,review,True,369.55,643,38,straight,200,
dev-047-absolute,absolute,proposal,True,423.68,579,38,straight,200,
dev-060-narrative,narrative,proposal,True,286.49,540,38,straight,200,
dev-035-absolute,absolute,proposal,True,338.45,585,38,straight,200,
dev-055-narrative,narrative,proposal,True,389.28,549,38,right,200,
dev-066-egocentric,egocentric,proposal,True,308.6,618,38,straight,200,
dev-045-egocentric,egocentric,proposal,True,336.57,629,38,straight,200,
dev-032-egocentric,egocentric,proposal,True,290.79,608,38,left,200,
dev-042-history,history,proposal,True,313.76,1097,38,straight,200,
dev-019-priority,priority,proposal,True,406.99,566,38,left,200,
dev-054-priority,priority,proposal,True,433.67,590,38,straight,200,
dev-047-priority,priority,proposal,True,332.01,579,38,straight,200,
dev-026-ascii,ascii,proposal,True,299.97,713,38,straight,200,
dev-000-ascii,ascii,proposal,True,292.2,695,38,straight,200,
dev-000-review,review,proposal,True,355.92,574,38,straight,200,
dev-000-review,review,review,True,324.18,631,38,straight,200,
dev-016-original,original,proposal,True,334.08,626,38,straight,200,
dev-029-egocentric,egocentric,proposal,True,348.44,618,38,left,200,
dev-027-absolute,absolute,proposal,True,325.27,573,38,straight,200,
dev-079-ascii,ascii,proposal,True,310.12,711,38,straight,200,
dev-033-review,review,proposal,True,302.86,594,38,right,200,
dev-033-review,review,review,True,374.8,651,38,right,200,
dev-065-original,original,proposal,True,280.01,624,38,straight,200,
dev-054-absolute,absolute,proposal,True,387.71,590,38,straight,200,
dev-034-absolute,absolute,proposal,True,342.2,568,38,straight,200,
dev-030-egocentric,egocentric,proposal,True,371.77,628,38,straight,200,
dev-009-review,review,proposal,True,381.25,575,38,straight,200,
dev-009-review,review,review,True,339.95,632,38,straight,200,
dev-060-priority,priority,proposal,True,349.58,568,38,straight,200,
dev-037-ascii,ascii,proposal,True,303.62,700,38,straight,200,
dev-006-absolute,absolute,proposal,True,302.08,593,38,right,200,
dev-048-ascii,ascii,proposal,True,281.46,685,38,straight,200,
dev-015-review,review,proposal,True,318.46,590,38,right,200,
dev-015-review,review,review,True,343.58,647,38,right,200,
dev-035-narrative,narrative,proposal,True,303.3,555,38,straight,200,
dev-067-review,review,proposal,True,281.71,597,38,straight,200,
dev-067-review,review,review,True,320.83,654,38,straight,200,
dev-074-priority,priority,proposal,True,356.19,572,38,straight,200,
dev-074-egocentric,egocentric,proposal,True,419.13,608,38,right,200,
dev-059-ascii,ascii,proposal,True,383.02,715,38,straight,200,
dev-021-priority,priority,proposal,True,368.33,591,38,straight,200,
dev-010-review,review,proposal,True,296.06,589,38,right,200,
dev-010-review,review,review,True,537.16,646,38,right,200,
dev-033-history,history,proposal,True,355.15,1223,38,straight,200,
dev-013-review,review,proposal,True,322.32,586,38,straight,200,
dev-013-review,review,review,True,327.46,643,38,straight,200,
dev-056-egocentric,egocentric,proposal,True,334.55,603,38,left,200,
dev-015-priority,priority,proposal,True,332.06,590,38,right,200,
dev-053-review,review,proposal,True,357.19,568,38,straight,200,
dev-053-review,review,review,True,356.7,625,38,straight,200,
dev-068-original,original,proposal,True,309.7,632,38,straight,200,
dev-021-review,review,proposal,True,339.59,591,38,straight,200,
dev-021-review,review,review,True,294.18,648,38,straight,200,
dev-052-ascii,ascii,proposal,True,289.07,695,38,straight,200,
dev-056-original,original,proposal,True,411.19,589,38,straight,200,
dev-038-egocentric,egocentric,proposal,True,338.93,631,38,left,200,
dev-061-review,review,proposal,True,344.65,590,38,straight,200,
dev-061-review,review,review,True,368.94,647,38,straight,200,
dev-029-absolute,absolute,proposal,True,394.16,583,38,straight,200,
dev-026-history,history,proposal,True,331.91,1213,38,straight,200,
dev-010-priority,priority,proposal,True,340.71,589,38,right,200,
dev-052-narrative,narrative,proposal,True,323.19,545,38,straight,200,
dev-016-ascii,ascii,proposal,True,327.18,723,38,straight,200,
dev-031-original,original,proposal,True,296.92,587,38,straight,200,
dev-057-history,history,proposal,True,333.77,1102,38,straight,200,
dev-031-absolute,absolute,proposal,True,320.15,566,38,straight,200,
dev-061-egocentric,egocentric,proposal,True,362.41,623,38,right,200,
dev-073-absolute,absolute,proposal,True,306.05,567,38,straight,200,
dev-045-original,original,proposal,True,296.66,623,38,straight,200,
dev-003-narrative,narrative,proposal,True,477.23,563,38,right,200,
dev-011-absolute,absolute,proposal,True,470.44,567,38,straight,200,
dev-064-narrative,narrative,proposal,True,589.91,573,38,straight,200,
dev-031-priority,priority,proposal,True,460.54,566,38,straight,200,
dev-039-priority,priority,proposal,True,311.18,568,38,straight,200,
dev-050-egocentric,egocentric,proposal,True,516.12,614,38,straight,200,
dev-024-ascii,ascii,proposal,True,527.9,690,38,straight,200,
dev-054-history,history,proposal,True,496.24,1212,38,straight,200,
dev-060-absolute,absolute,proposal,True,731.77,568,38,straight,200,
dev-054-egocentric,egocentric,proposal,True,526.61,633,38,left,200,
dev-017-history,history,proposal,True,520.93,1202,38,straight,200,
dev-048-priority,priority,proposal,True,474.81,568,38,straight,200,
dev-038-ascii,ascii,proposal,True,274.19,710,38,straight,200,
dev-075-absolute,absolute,proposal,True,284.43,572,38,straight,200,
dev-048-absolute,absolute,proposal,True,1449.94,568,38,straight,200,
dev-034-original,original,proposal,True,382.31,590,38,straight,200,
dev-024-absolute,absolute,proposal,True,476.49,573,38,straight,200,
dev-070-priority,priority,proposal,True,456.14,579,38,straight,200,
dev-019-original,original,proposal,True,523.93,587,38,straight,200,
dev-025-original,original,proposal,True,590.15,596,38,straight,200,
dev-035-review,review,proposal,True,539.53,585,38,straight,200,
dev-035-review,review,review,True,418.36,642,38,straight,200,
dev-050-history,history,proposal,True,524.28,1138,38,straight,200,
dev-048-history,history,proposal,True,460.41,1094,38,straight,200,
dev-001-original,original,proposal,True,455.49,587,38,straight,200,
dev-011-original,original,proposal,True,457.16,588,38,straight,200,
dev-068-history,history,proposal,True,498.15,1304,38,straight,200,
dev-023-review,review,proposal,True,477.06,585,38,right,200,
dev-023-review,review,review,True,464.28,642,38,right,200,
dev-055-egocentric,egocentric,proposal,True,321.96,616,38,straight,200,
dev-004-narrative,narrative,proposal,True,315.47,565,38,straight,200,
dev-045-priority,priority,proposal,True,345.92,600,38,right,200,
dev-024-history,history,proposal,True,413.78,1128,38,straight,200,
dev-076-original,original,proposal,True,469.35,618,38,left,200,
dev-072-ascii,ascii,proposal,True,278.21,694,38,straight,200,
dev-025-priority,priority,proposal,True,490.66,574,38,straight,200,
dev-043-ascii,ascii,proposal,True,447.21,683,38,straight,200,
dev-004-original,original,proposal,True,443.92,621,38,straight,200,
dev-003-original,original,proposal,True,449.97,616,38,right,200,
dev-063-ascii,ascii,proposal,True,392.17,684,38,straight,200,
dev-041-priority,priority,proposal,True,377.07,586,38,straight,200,
dev-038-priority,priority,proposal,True,338.81,591,38,straight,200,
dev-046-narrative,narrative,proposal,True,319.82,544,38,straight,200,
dev-006-history,history,proposal,True,523.43,1220,38,straight,200,
dev-026-egocentric,egocentric,proposal,True,294.98,631,38,straight,200,
dev-028-ascii,ascii,proposal,True,520.51,687,38,straight,200,
dev-066-priority,priority,proposal,True,309.72,583,38,straight,200,
dev-039-review,review,proposal,True,815.7,568,38,straight,200,
dev-039-review,review,review,True,329.87,625,38,straight,200,
dev-059-history,history,proposal,True,464.27,1217,38,straight,200,
dev-033-narrative,narrative,proposal,True,306.2,563,38,right,200,
dev-011-ascii,ascii,proposal,True,308.46,684,38,straight,200,
dev-058-egocentric,egocentric,proposal,True,462.09,601,38,straight,200,
dev-019-absolute,absolute,proposal,True,452.19,566,38,left,200,
dev-053-absolute,absolute,proposal,True,420.22,568,38,straight,200,
dev-048-narrative,narrative,proposal,True,379.05,540,38,straight,200,
dev-049-original,original,proposal,True,320.81,596,38,straight,200,
dev-007-review,review,proposal,True,291.14,585,38,straight,200,
dev-007-review,review,review,True,263.92,642,38,left,200,
dev-014-egocentric,egocentric,proposal,True,343.31,603,38,left,200,
dev-037-narrative,narrative,proposal,True,288.54,549,38,left,200,
dev-078-narrative,narrative,proposal,True,326.1,564,38,straight,200,
dev-065-review,review,proposal,True,311.48,602,38,straight,200,
dev-065-review,review,review,True,329.77,659,38,straight,200,
dev-044-absolute,absolute,proposal,True,305.31,567,38,straight,200,
dev-034-priority,priority,proposal,True,359.83,568,38,straight,200,
dev-023-original,original,proposal,True,366.85,607,38,right,200,
dev-003-priority,priority,proposal,True,257.72,594,38,right,200,
dev-011-history,history,proposal,True,304.79,1097,38,straight,200,
dev-028-egocentric,egocentric,proposal,True,308.14,601,38,straight,200,
dev-053-narrative,narrative,proposal,True,370.69,540,38,straight,200,
dev-042-priority,priority,proposal,True,345.87,567,38,straight,200,
dev-011-egocentric,egocentric,proposal,True,306.37,601,38,straight,200,
dev-026-priority,priority,proposal,True,299.48,591,38,straight,200,
dev-000-egocentric,egocentric,proposal,True,440.71,608,38,straight,200,
dev-072-original,original,proposal,True,437.54,600,38,straight,200,
dev-054-narrative,narrative,proposal,True,376.93,558,38,straight,200,
dev-018-original,original,proposal,True,517.14,594,38,straight,200,
dev-039-narrative,narrative,proposal,True,525.82,540,38,straight,200,
dev-061-absolute,absolute,proposal,True,523.25,590,38,right,200,
dev-072-egocentric,egocentric,proposal,True,524.02,617,38,right,200,
dev-067-absolute,absolute,proposal,True,545.35,597,38,straight,200,
dev-079-history,history,proposal,True,284.25,1194,38,straight,200,
dev-034-egocentric,egocentric,proposal,True,297.63,602,38,straight,200,
dev-042-original,original,proposal,True,311.61,588,38,straight,200,
dev-000-narrative,narrative,proposal,True,466.46,545,38,straight,200,
dev-078-history,history,proposal,True,419.62,1220,38,straight,200,
dev-047-review,review,proposal,True,438.61,579,38,straight,200,
dev-047-review,review,review,True,483.04,636,38,straight,200,
dev-074-narrative,narrative,proposal,True,453.25,543,38,right,200,
dev-029-narrative,narrative,proposal,True,409.66,553,38,straight,200,
dev-071-priority,priority,proposal,True,544.42,572,38,left,200,
dev-013-narrative,narrative,proposal,True,466.06,556,38,straight,200,
dev-047-original,original,proposal,True,391.29,601,38,straight,200,
dev-079-review,review,proposal,True,406.28,588,38,straight,200,
dev-079-review,review,review,True,454.54,645,38,straight,200,
dev-073-egocentric,egocentric,proposal,True,391.73,602,38,left,200,
dev-068-review,review,proposal,True,419.9,609,38,straight,200,
dev-068-review,review,review,True,431.0,666,38,straight,200,
dev-046-original,original,proposal,True,288.29,595,38,straight,200,
dev-014-narrative,narrative,proposal,True,306.13,539,38,straight,200,
dev-017-original,original,proposal,True,351.69,608,38,straight,200,
dev-028-history,history,proposal,True,331.2,1098,38,straight,200,
dev-056-review,review,proposal,True,305.43,567,38,straight,200,
dev-056-review,review,review,True,318.24,624,38,straight,200,
dev-023-absolute,absolute,proposal,True,319.87,585,38,right,200,
dev-035-history,history,proposal,True,405.02,1169,38,straight,200,
dev-045-history,history,proposal,True,321.71,1239,38,straight,200,
dev-056-priority,priority,proposal,True,325.76,567,38,left,200,
dev-069-priority,priority,proposal,True,276.72,585,38,straight,200,
dev-002-history,history,proposal,True,350.92,1277,38,straight,200,
dev-050-absolute,absolute,proposal,True,590.66,578,38,straight,200,
dev-048-review,review,proposal,True,540.82,568,38,straight,200,
dev-048-review,review,review,True,410.84,625,38,straight,200,
dev-064-egocentric,egocentric,proposal,True,579.11,642,38,right,200,
dev-025-absolute,absolute,proposal,True,770.82,574,38,straight,200,
dev-039-ascii,ascii,proposal,True,410.84,684,38,straight,200,
dev-063-history,history,proposal,True,715.38,1102,38,straight,200,
dev-012-ascii,ascii,proposal,True,303.62,685,38,straight,200,
dev-014-original,original,proposal,True,340.05,589,38,left,200,
dev-057-egocentric,egocentric,proposal,True,293.41,603,38,left,200,
dev-020-history,history,proposal,True,383.91,1106,38,right,200,
dev-064-original,original,proposal,True,343.33,629,38,straight,200,
dev-010-egocentric,egocentric,proposal,True,429.92,624,38,right,200,
dev-027-priority,priority,proposal,True,331.49,573,38,straight,200,
dev-001-priority,priority,proposal,True,320.65,566,38,straight,200,
dev-012-original,original,proposal,True,403.88,591,38,straight,200,
dev-002-priority,priority,proposal,True,334.06,603,38,straight,200,
dev-047-egocentric,egocentric,proposal,True,357.34,615,38,straight,200,
dev-044-original,original,proposal,True,319.34,588,38,straight,200,
dev-003-egocentric,egocentric,proposal,True,291.14,624,38,right,200,
dev-047-narrative,narrative,proposal,True,379.8,549,38,straight,200,
dev-016-history,history,proposal,True,336.6,1277,38,straight,200,
dev-070-egocentric,egocentric,proposal,True,370.14,615,38,left,200,
dev-075-history,history,proposal,True,295.74,1122,38,straight,200,
dev-040-narrative,narrative,proposal,True,321.99,539,38,straight,200,
dev-026-narrative,narrative,proposal,True,317.39,559,38,straight,200,
dev-043-narrative,narrative,proposal,True,330.98,539,38,straight,200,
dev-001-egocentric,egocentric,proposal,True,320.56,601,38,left,200,
dev-051-review,review,proposal,True,358.57,590,38,straight,200,
dev-051-review,review,review,True,294.43,647,38,straight,200,
dev-032-review,review,proposal,True,376.24,575,38,straight,200,
dev-032-review,review,review,True,280.28,632,38,straight,200,
dev-060-egocentric,egocentric,proposal,True,402.92,602,38,straight,200,
dev-063-review,review,proposal,True,327.0,568,38,straight,200,
dev-063-review,review,review,True,318.06,625,38,straight,200,
dev-012-egocentric,egocentric,proposal,True,346.23,603,38,left,200,
dev-058-ascii,ascii,proposal,True,374.59,688,38,straight,200,
dev-061-priority,priority,proposal,True,355.41,590,38,straight,200,
dev-071-egocentric,egocentric,proposal,True,308.25,603,38,left,200,
dev-036-original,original,proposal,True,317.96,611,38,straight,200,
dev-010-narrative,narrative,proposal,True,324.87,558,38,right,200,
dev-041-history,history,proposal,True,338.62,1188,38,straight,200,
dev-065-history,history,proposal,True,316.69,1254,38,straight,200,
dev-017-review,review,proposal,True,264.14,586,38,left,200,
dev-017-review,review,review,True,359.01,643,38,left,200,
dev-051-absolute,absolute,proposal,True,301.99,590,38,straight,200,
dev-014-ascii,ascii,proposal,True,310.06,683,38,straight,200,
dev-056-absolute,absolute,proposal,True,299.19,567,38,straight,200,
dev-005-ascii,ascii,proposal,True,378.32,702,38,straight,200,
dev-010-history,history,proposal,True,335.18,1191,38,right,200,
dev-005-egocentric,egocentric,proposal,True,300.62,624,38,left,200,
dev-078-ascii,ascii,proposal,True,286.92,714,38,straight,200,
dev-011-review,review,proposal,True,292.12,567,38,straight,200,
dev-011-review,review,review,True,385.74,624,38,straight,200,
dev-079-egocentric,egocentric,proposal,True,292.75,616,38,straight,200,
dev-075-original,original,proposal,True,356.39,594,38,straight,200,
dev-058-history,history,proposal,True,337.56,1102,38,straight,200,
dev-018-egocentric,egocentric,proposal,True,298.59,611,38,left,200,
dev-053-priority,priority,proposal,True,310.22,568,38,straight,200,
dev-040-absolute,absolute,proposal,True,303.44,567,38,left,200,
dev-018-priority,priority,proposal,True,345.87,572,38,straight,200,
dev-051-priority,priority,proposal,True,439.45,590,38,straight,200,
dev-019-review,review,proposal,True,398.73,566,38,left,200,
dev-019-review,review,review,True,355.65,623,38,left,200,
dev-033-original,original,proposal,True,349.59,616,38,straight,200,
dev-031-narrative,narrative,proposal,True,317.86,538,38,right,200,
dev-067-egocentric,egocentric,proposal,True,355.95,625,38,right,200,
dev-027-review,review,proposal,True,348.62,573,38,straight,200,
dev-027-review,review,review,True,348.14,630,38,straight,200,
dev-078-egocentric,egocentric,proposal,True,348.9,621,38,straight,200,
dev-022-absolute,absolute,proposal,True,756.31,573,38,straight,200,
dev-024-priority,priority,proposal,True,370.87,573,38,straight,200,
dev-031-review,review,proposal,True,274.2,566,38,straight,200,
dev-031-review,review,review,True,357.8,623,38,straight,200,
dev-068-narrative,narrative,proposal,True,341.34,575,38,straight,200,
dev-077-egocentric,egocentric,proposal,True,295.42,609,38,straight,200,
dev-044-priority,priority,proposal,True,264.03,567,38,straight,200,
dev-062-egocentric,egocentric,proposal,True,359.81,631,38,right,200,
dev-023-narrative,narrative,proposal,True,438.47,555,38,right,200,
dev-008-narrative,narrative,proposal,True,390.96,568,38,right,200,
dev-009-absolute,absolute,proposal,True,382.56,575,38,straight,200,
dev-037-egocentric,egocentric,proposal,True,547.43,618,38,left,200,
dev-012-history,history,proposal,True,321.87,1103,38,straight,200,
dev-022-history,history,proposal,True,283.17,1127,38,straight,200,
dev-002-egocentric,egocentric,proposal,True,323.04,643,38,straight,200,
dev-063-narrative,narrative,proposal,True,279.85,540,38,straight,200,
dev-014-history,history,proposal,True,295.92,1097,38,straight,200,
dev-055-history,history,proposal,True,326.33,1157,38,straight,200,
dev-019-history,history,proposal,True,306.74,1092,38,left,200,
dev-069-ascii,ascii,proposal,True,446.31,703,38,straight,200,
dev-007-history,history,proposal,True,335.3,1166,38,straight,200,
dev-009-original,original,proposal,True,312.91,597,38,straight,200,
dev-051-history,history,proposal,True,355.78,1206,38,straight,200,
dev-065-absolute,absolute,proposal,True,366.77,602,38,straight,200,
dev-029-ascii,ascii,proposal,True,309.66,706,38,straight,200,
dev-007-absolute,absolute,proposal,True,354.98,585,38,left,200,
dev-044-ascii,ascii,proposal,True,318.43,686,38,straight,200,
dev-058-absolute,absolute,proposal,True,338.86,571,38,straight,200,
dev-057-priority,priority,proposal,True,271.67,568,38,straight,200,
dev-066-narrative,narrative,proposal,True,378.89,553,38,straight,200,
dev-040-priority,priority,proposal,True,371.2,567,38,straight,200,
dev-073-narrative,narrative,proposal,True,402.38,539,38,straight,200,
dev-079-absolute,absolute,proposal,True,361.63,588,38,straight,200,
dev-038-absolute,absolute,proposal,True,317.06,591,38,straight,200,
dev-005-original,original,proposal,True,284.35,606,38,straight,200,
dev-075-narrative,narrative,proposal,True,344.05,543,38,straight,200,
dev-016-narrative,narrative,proposal,True,341.18,569,38,straight,200,
dev-057-original,original,proposal,True,334.37,590,38,straight,200,
dev-029-priority,priority,proposal,True,392.83,583,38,straight,200,
dev-066-absolute,absolute,proposal,True,312.68,583,38,straight,200,
dev-016-review,review,proposal,True,293.84,603,38,straight,200,
dev-016-review,review,review,True,287.39,660,38,straight,200,
dev-030-absolute,absolute,proposal,True,426.3,585,38,straight,200,
dev-062-priority,priority,proposal,True,387.72,590,38,straight,200,
dev-079-narrative,narrative,proposal,True,348.1,558,38,straight,200,
dev-074-review,review,proposal,True,334.74,572,38,straight,200,
dev-074-review,review,review,True,320.69,629,38,straight,200,
dev-000-absolute,absolute,proposal,True,346.3,574,38,straight,200,
dev-017-ascii,ascii,proposal,True,301.03,703,38,straight,200,
dev-059-narrative,narrative,proposal,True,300.72,559,38,straight,200,
dev-027-egocentric,egocentric,proposal,True,341.19,611,38,left,200,
dev-064-absolute,absolute,proposal,True,339.02,607,38,straight,200,
dev-001-history,history,proposal,True,325.28,964,38,straight,200,
dev-033-absolute,absolute,proposal,True,310.76,594,38,right,200,
dev-030-review,review,proposal,True,345.33,585,38,straight,200,
dev-030-review,review,review,True,300.51,642,38,straight,200,
dev-008-priority,priority,proposal,True,310.58,601,38,straight,200,
dev-042-absolute,absolute,proposal,True,318.99,567,38,straight,200,
dev-020-absolute,absolute,proposal,True,351.12,572,38,right,200,
dev-038-history,history,proposal,True,328.08,1210,38,straight,200,
dev-045-review,review,proposal,True,269.76,600,38,right,200,
dev-045-review,review,review,True,312.82,657,38,right,200,
dev-074-absolute,absolute,proposal,True,300.74,572,38,straight,200,
dev-010-ascii,ascii,proposal,True,391.87,707,38,right,200,
dev-027-history,history,proposal,True,342.53,1127,38,straight,200,
dev-064-history,history,proposal,True,266.4,1313,38,straight,200,
dev-070-history,history,proposal,True,281.62,1139,38,straight,200,
dev-043-history,history,proposal,True,289.05,1106,38,straight,200,
dev-018-history,history,proposal,True,358.17,1116,38,straight,200,
dev-068-priority,priority,proposal,True,414.81,609,38,straight,200,
dev-009-ascii,ascii,proposal,True,295.54,693,38,straight,200,
dev-023-egocentric,egocentric,proposal,True,330.13,617,38,right,200,
dev-002-absolute,absolute,proposal,True,328.05,603,38,straight,200,
dev-034-review,review,proposal,True,378.02,568,38,straight,200,
dev-034-review,review,review,True,380.98,625,38,straight,200,
dev-068-egocentric,egocentric,proposal,True,321.51,650,38,left,200,
dev-046-history,history,proposal,True,357.25,1134,38,straight,200,
dev-006-original,original,proposal,True,468.67,616,38,straight,200,
dev-013-original,original,proposal,True,264.33,608,38,straight,200,
dev-045-absolute,absolute,proposal,True,255.02,600,38,right,200,
dev-018-review,review,proposal,True,280.86,572,38,straight,200,
dev-018-review,review,review,True,309.33,629,38,straight,200,
dev-009-egocentric,egocentric,proposal,True,296.47,609,38,straight,200,
dev-008-original,original,proposal,True,322.2,624,38,straight,200,
dev-075-review,review,proposal,True,349.81,572,38,straight,200,
dev-075-review,review,review,True,657.39,629,38,straight,200,
dev-027-original,original,proposal,True,329.96,595,38,straight,200,
dev-037-history,history,proposal,True,315.02,1157,38,straight,200,
dev-005-narrative,narrative,proposal,True,335.46,553,38,left,200,
dev-064-ascii,ascii,proposal,True,357.67,733,38,straight,200,
dev-070-absolute,absolute,proposal,True,346.01,579,38,straight,200,
dev-078-absolute,absolute,proposal,True,375.62,595,38,straight,200,
dev-069-narrative,narrative,proposal,True,311.76,554,38,right,200,
dev-054-original,original,proposal,True,355.57,612,38,straight,200,
dev-013-egocentric,egocentric,proposal,True,350.72,616,38,straight,200,
dev-059-review,review,proposal,True,301.68,591,38,straight,200,
dev-059-review,review,review,True,323.58,648,38,straight,200,
dev-058-review,review,proposal,True,337.89,571,38,straight,200,
dev-058-review,review,review,True,325.97,628,38,straight,200,
dev-067-ascii,ascii,proposal,True,423.84,722,38,straight,200,
dev-041-original,original,proposal,True,283.75,608,38,straight,200,
dev-064-priority,priority,proposal,True,618.32,607,38,straight,200,
dev-025-history,history,proposal,True,296.32,1121,38,left,200,
dev-026-review,review,proposal,True,298.8,591,38,straight,200,
dev-026-review,review,review,True,326.89,648,38,straight,200,
dev-049-priority,priority,proposal,True,273.23,574,38,straight,200,
dev-061-original,original,proposal,True,375.35,612,38,straight,200,
dev-076-egocentric,egocentric,proposal,True,363.79,635,38,straight,200,
dev-074-ascii,ascii,proposal,True,294.0,690,38,straight,200,
dev-034-ascii,ascii,proposal,True,300.35,685,38,straight,200,
dev-069-history,history,proposal,True,322.96,1187,38,straight,200,
dev-042-ascii,ascii,proposal,True,349.57,686,38,straight,200,
dev-053-original,original,proposal,True,346.48,589,38,straight,200,
dev-016-absolute,absolute,proposal,True,394.39,603,38,straight,200,
dev-031-ascii,ascii,proposal,True,361.06,683,38,straight,200,
dev-068-ascii,ascii,proposal,True,290.69,730,38,straight,200,
dev-069-absolute,absolute,proposal,True,304.3,585,38,straight,200,
dev-018-narrative,narrative,proposal,True,347.29,543,38,straight,200,
dev-049-absolute,absolute,proposal,True,361.81,574,38,straight,200,
dev-022-ascii,ascii,proposal,True,293.48,689,38,straight,200,
dev-012-absolute,absolute,proposal,True,379.97,569,38,straight,200,
dev-020-review,review,proposal,True,291.89,572,38,right,200,
dev-020-review,review,review,True,366.68,629,38,right,200,
dev-050-review,review,proposal,True,378.25,578,38,straight,200,
dev-050-review,review,review,True,277.38,635,38,straight,200,
dev-076-history,history,proposal,True,321.78,1189,38,left,200,
dev-008-absolute,absolute,proposal,True,383.64,601,38,straight,200,
dev-030-original,original,proposal,True,328.99,607,38,straight,200,
dev-035-egocentric,egocentric,proposal,True,364.42,618,38,right,200,
dev-044-review,review,proposal,True,337.69,567,38,straight,200,
dev-044-review,review,review,True,256.31,624,38,straight,200,
dev-032-history,history,proposal,True,514.65,1131,38,straight,200,
dev-020-egocentric,egocentric,proposal,True,372.98,602,38,right,200,
dev-000-history,history,proposal,True,357.67,1132,38,straight,200,
dev-051-original,original,proposal,True,345.11,612,38,straight,200,
dev-070-review,review,proposal,True,323.68,579,38,straight,200,
dev-070-review,review,review,True,313.38,636,38,straight,200,
dev-036-ascii,ascii,proposal,True,341.31,707,38,straight,200,
dev-047-ascii,ascii,proposal,True,356.06,696,38,straight,200,
dev-065-narrative,narrative,proposal,True,261.76,570,38,straight,200,
dev-025-narrative,narrative,proposal,True,363.64,546,38,left,200,
dev-059-original,original,proposal,True,330.84,614,38,straight,200,
dev-070-original,original,proposal,True,356.24,601,38,straight,200,
dev-076-review,review,proposal,True,361.61,596,38,left,200,
dev-076-review,review,review,True,308.84,653,38,left,200,
dev-024-narrative,narrative,proposal,True,320.75,544,38,straight,200,
dev-038-review,review,proposal,True,312.95,591,38,straight,200,
dev-038-review,review,review,True,350.14,648,38,straight,200,
dev-027-narrative,narrative,proposal,True,359.06,544,38,straight,200,
dev-009-history,history,proposal,True,361.05,1134,38,straight,200,
dev-071-history,history,proposal,True,351.97,1103,38,left,200,
dev-063-priority,priority,proposal,True,387.84,568,38,straight,200,
dev-019-narrative,narrative,proposal,True,304.46,538,38,left,200,
dev-026-original,original,proposal,True,365.87,613,38,left,200,
dev-069-original,original,proposal,True,294.2,607,38,straight,200,
dev-040-egocentric,egocentric,proposal,True,333.22,603,38,left,200,
dev-062-absolute,absolute,proposal,True,403.09,590,38,straight,200,
dev-024-review,review,proposal,True,325.5,573,38,straight,200,
dev-024-review,review,review,True,357.2,630,38,straight,200,
dev-022-egocentric,egocentric,proposal,True,278.41,610,38,left,200,
dev-065-priority,priority,proposal,True,330.11,602,38,straight,200,
dev-059-absolute,absolute,proposal,True,369.99,591,38,straight,200,
dev-032-original,original,proposal,True,373.22,597,38,straight,200,
dev-011-priority,priority,proposal,True,270.72,567,38,straight,200,
dev-077-priority,priority,proposal,True,286.86,578,38,straight,200,
dev-049-narrative,narrative,proposal,True,348.56,546,38,straight,200,
dev-036-narrative,narrative,proposal,True,342.86,559,38,straight,200,
dev-057-review,review,proposal,True,286.08,568,38,straight,200,
dev-057-review,review,review,True,290.27,625,38,straight,200,
dev-039-history,history,proposal,True,468.67,1102,38,straight,200,
dev-006-egocentric,egocentric,proposal,True,275.55,624,38,right,200,
dev-025-review,review,proposal,True,262.43,574,38,straight,200,
dev-025-review,review,review,True,280.94,631,38,straight,200,
dev-042-egocentric,egocentric,proposal,True,358.55,602,38,left,200,
dev-035-priority,priority,proposal,True,317.11,585,38,straight,200,
dev-019-egocentric,egocentric,proposal,True,367.92,602,38,left,200,
dev-062-ascii,ascii,proposal,True,628.58,708,38,straight,200,
dev-077-narrative,narrative,proposal,True,412.83,549,38,straight,200,
dev-060-review,review,proposal,True,257.32,568,38,straight,200,
dev-060-review,review,review,True,381.83,625,38,straight,200,
dev-017-narrative,narrative,proposal,True,319.71,555,38,left,200,
dev-004-absolute,absolute,proposal,True,352.7,598,38,straight,200,
dev-015-absolute,absolute,proposal,True,301.9,590,38,right,200,
dev-004-review,review,proposal,True,317.34,598,38,straight,200,
dev-004-review,review,review,True,332.34,655,38,straight,200,
dev-021-egocentric,egocentric,proposal,True,305.35,632,38,straight,200,
dev-038-original,original,proposal,True,366.16,613,38,straight,200,
dev-063-original,original,proposal,True,337.6,590,38,straight,200,
dev-073-original,original,proposal,True,510.05,589,38,straight,200,
dev-076-narrative,narrative,proposal,True,357.66,564,38,left,200,
dev-057-narrative,narrative,proposal,True,347.62,540,38,straight,200,
dev-057-ascii,ascii,proposal,True,292.02,684,38,straight,200,
dev-077-review,review,proposal,True,263.37,578,38,straight,200,
dev-077-review,review,review,True,357.49,635,38,straight,200,
dev-046-priority,priority,proposal,True,267.52,573,38,straight,200,
dev-001-review,review,proposal,True,284.54,566,38,straight,200,
dev-001-review,review,review,True,283.45,623,38,straight,200,
dev-043-priority,priority,proposal,True,291.25,567,38,straight,200,
dev-077-original,original,proposal,True,277.46,600,38,straight,200,
dev-041-egocentric,egocentric,proposal,True,262.37,623,38,straight,200,
dev-017-priority,priority,proposal,True,310.34,586,38,straight,200,
dev-052-egocentric,egocentric,proposal,True,306.67,608,38,straight,200,
dev-004-priority,priority,proposal,True,359.83,598,38,straight,200,
dev-045-ascii,ascii,proposal,True,293.11,717,38,straight,200,
dev-055-priority,priority,proposal,True,323.18,579,38,straight,200,
dev-052-history,history,proposal,True,339.85,1127,38,straight,200,
dev-040-ascii,ascii,proposal,True,368.87,683,38,straight,200,
dev-014-review,review,proposal,True,346.13,567,38,straight,200,
dev-014-review,review,review,True,290.58,624,38,straight,200,
dev-008-egocentric,egocentric,proposal,True,390.38,638,38,right,200,
dev-049-ascii,ascii,proposal,True,353.2,693,38,straight,200,
dev-061-ascii,ascii,proposal,True,299.84,710,38,straight,200,
dev-071-review,review,proposal,True,309.9,572,38,left,200,
dev-071-review,review,review,True,366.47,629,38,left,200,
dev-022-narrative,narrative,proposal,True,343.39,544,38,straight,200,
dev-030-history,history,proposal,True,300.52,1184,38,straight,200,
dev-055-absolute,absolute,proposal,True,261.46,579,38,straight,200,
dev-005-absolute,absolute,proposal,True,398.74,584,38,straight,200,
dev-063-egocentric,egocentric,proposal,True,453.64,603,38,left,200,
dev-054-review,review,proposal,True,847.52,590,38,straight,200,
dev-054-review,review,review,True,381.57,647,38,straight,200,
dev-035-original,original,proposal,True,379.11,607,38,straight,200,
dev-025-ascii,ascii,proposal,True,375.98,693,38,straight,200,
dev-039-original,original,proposal,True,333.43,590,38,straight,200,
dev-020-ascii,ascii,proposal,True,395.07,688,38,right,200,
dev-007-egocentric,egocentric,proposal,True,422.59,621,38,straight,200,
dev-039-absolute,absolute,proposal,True,278.59,568,38,straight,200,
dev-004-ascii,ascii,proposal,True,411.49,716,38,straight,200,
dev-015-narrative,narrative,proposal,True,347.89,558,38,right,200,
dev-039-egocentric,egocentric,proposal,True,312.82,603,38,left,200,
dev-073-priority,priority,proposal,True,297.71,567,38,straight,200,
dev-004-egocentric,egocentric,proposal,True,317.92,638,38,straight,200,
dev-021-history,history,proposal,True,306.36,1213,38,straight,200,
dev-055-ascii,ascii,proposal,True,307.74,697,38,straight,200,
dev-020-narrative,narrative,proposal,True,279.45,544,38,right,200,
dev-035-ascii,ascii,proposal,True,407.03,702,38,straight,200,
dev-043-absolute,absolute,proposal,True,302.84,567,38,straight,200,
dev-069-review,review,proposal,True,291.66,585,38,straight,200,
dev-069-review,review,review,True,397.63,642,38,straight,200,
dev-051-egocentric,egocentric,proposal,True,265.2,631,38,right,200,
dev-038-narrative,narrative,proposal,True,408.75,559,38,straight,200,
dev-015-original,original,proposal,True,326.99,613,38,straight,200,
dev-071-narrative,narrative,proposal,True,384.48,544,38,left,200,
dev-056-narrative,narrative,proposal,True,298.97,539,38,straight,200,
dev-051-ascii,ascii,proposal,True,350.73,711,38,straight,200,
dev-002-ascii,ascii,proposal,True,331.89,725,38,straight,200,
dev-033-egocentric,egocentric,proposal,True,258.02,623,38,right,200,
dev-076-priority,priority,proposal,True,276.36,596,38,left,200,
dev-016-egocentric,egocentric,proposal,True,291.12,643,38,right,200,
dev-001-ascii,ascii,proposal,True,292.57,685,38,left,200,
dev-060-original,original,proposal,True,343.91,590,38,straight,200,
dev-062-review,review,proposal,True,349.93,590,38,straight,200,
dev-062-review,review,review,True,255.58,647,38,straight,200,
dev-056-ascii,ascii,proposal,True,300.44,686,38,straight,200,
dev-021-original,original,proposal,True,401.04,613,38,straight,200,
dev-000-original,original,proposal,True,314.88,596,38,straight,200,
dev-044-history,history,proposal,True,455.98,968,38,straight,200,
dev-019-ascii,ascii,proposal,True,986.27,682,38,left,200,
dev-007-narrative,narrative,proposal,True,356.49,555,38,straight,200,
dev-041-narrative,narrative,proposal,True,268.49,555,38,straight,200,
dev-029-original,original,proposal,True,298.6,605,38,straight,200,
dev-072-absolute,absolute,proposal,True,321.71,578,38,straight,200,
dev-034-history,history,proposal,True,282.02,1094,38,straight,200,
dev-057-absolute,absolute,proposal,True,332.7,568,38,straight,200,
dev-041-ascii,ascii,proposal,True,350.02,705,38,straight,200,
dev-061-history,history,proposal,True,377.25,1190,38,straight,200,
dev-023-history,history,proposal,True,304.5,1169,38,straight,200,
dev-028-priority,priority,proposal,True,259.91,568,38,straight,200,
dev-078-original,original,proposal,True,397.55,617,38,straight,200,
dev-041-absolute,absolute,proposal,True,643.92,586,38,straight,200,
